Id;Name;Description;Increase Attribute;Increase Attribute Desc;Focus;Spoken Languages;Writen Languages;Race;Classe;Image
tevinter_altus;Altus Tévintide;L’Empire tévintide est l’un des rares endroits de Thédas où les mages ne sont pas sous la coupe de la Chantrie. Cette situation a d’ailleurs été l’une des principales causes du schisme au sein du culte. L’Empire possède son propre Divin et sa propre Chantrie, bien que cette institution soit bien moins puissante que celle qui siège en Orlaïs. En des temps reculés, l’Empire était dirigé par des magistères, dont on prétend que c’est l’orgueil qui a mené à la création des engeances et des Enclins. Après qu'Andrasté a libéré les esclaves elfes et transmis le Cantique de la lumière au Nord, les mages ont été contrôlés pour un temps, mais ce n’est plus le cas. Les altus sont les mages nobles qui règnent sur l’Empire.;magic;Les lignées de mages sont soigneusement étudiées dans l’Empire tévintide et celles des familles nobles sont les plus puissantes.;leadership&arcane_lore;trade_tongue&tevinter;trade_tongue&tevinter;human;mage;
avvar;Alvar;Les Alvars sont un peuple rude qui vit dans les Dorsales de givre. Il y a des siècles, ils étaient l’une des nombreuses tribus barbares à vivre en Férelden et dans les régions environnantes. Quand les clans alamarri s’unirent il y a 400 ans autour du premier roi de Férelden, les Alvars refusèrent de se joindre à eux. Ils étaient trop indépendants, trop fiers et trop obstinés pour reconnaître un roi. Leurs raids permanents vers les basses terres entraînèrent des guerres longues et amères, mais ils ne pouvaient pas résister seuls contre les Féreldiens unis. Ils furent repoussés jusque dans leurs montagnes, mais aucun commandeur n’osa les affronter sur leur propre terrain. Une paix tendue existe depuis entre les Alvars et Férelden.&Aujourd’hui, les Alvars sont très isolés dans les Dorsales de givre. Ils font du commerce avec les nains, et certains Alvars descendent dans les basses terres pour travailler en tant que mercenaires ou aventuriers. La plupart des Féreldiens considèrent les Alvars comme des barbares primitifs, tandis que ceux-ci jugent leurs vieux ennemis faibles et corrompus. Il n’est donc pas surprenant que des raids aient encore lieu de temps à autre depuis les montagnes, mais les Alvars ont appris à frapper vite et à se retirer vers leur domaine avant la contre-attaque.;strength;Les Alvars doivent être forts pour survivre dans les montagnes.;animal_handling&climbing;trade_tongue;;human;warrior&rogue;avvar.png
apostate_human;Apostat;Pendant la majorité de l’histoire de Thédas, dans les nations extérieures à l’Empire tévintide (y compris en Férelden), seuls les membres du Cercle des mages sont autorisés par la loi à pratiquer la magie. Ceux qui enfreignent cette loi sont appelés apostats. Le Cercle des mages est censé trouver les humains et les elfes dotés de pouvoirs magiques et les former avant qu’ils ne deviennent dangereux pour eux-mêmes et pour les autres. Tous ceux qui pratiquent la magie sont susceptibles de succomber à une possession démoniaque qui les transformerait en abomination. Par ailleurs, le risque existe toujours qu’un mage se tourne vers les arts interdits que pratiquaient les inquisiteurs de l’Empire tévintide, une dangereuse magie du sang fondée sur les sacrifices rituels qui asservit l’esprit des autres. C’est pourquoi la Chantrie de chaque tour du Cercle compte des templiers qui sont également chargés de traquer les apostats.&Même si la loi met tous les apostats sur le même pied, cette catégorie est vaste. Certains apostats sont des mages autodidactes qui ont appris à se servir de la magie en expérimentant. Certains sont issus de traditions magiques datant d’avant la formation du Cercle des mages, comme les rebouteux et les chamans alvariens. D’autres sont des rebelles qui s’opposent au Cercle des mages, à la Chantrie ou aux deux. Ils refusent de se soumettre à la loi et choisissent de suivre leur propre voie malgré les risques que cela implique.&Si vous choisissez de jouer un apostat, votre personnage souffrira d’un désavantage que les autres historiques n’ont pas. En l’occurrence, les pouvoirs de votre personnage devront être utilisés avec prudence de peur d’attirer une attention indésirable de la part du Cercle des mages ou des templiers de la Chantrie. le bon côté de la chose, c'est que ce conflit peut amener d’excellentes histoires, mais il est important de comprendre que votre personnage devra faire face à des défis supplémentaires par rapport aux autres.;willpower;Un apostat doit avoir une volonté bien trempée pour résister à la possession démoniaque.;natural_lore&self_discipline;trade_tongue;trade_tongue;human;mage;
apostate_elf;Apostat;Pendant la majorité de l’histoire de Thédas, dans les nations extérieures à l’Empire tévintide (y compris en Férelden), seuls les membres du Cercle des mages sont autorisés par la loi à pratiquer la magie. Ceux qui enfreignent cette loi sont appelés apostats. Le Cercle des mages est censé trouver les humains et les elfes dotés de pouvoirs magiques et les former avant qu’ils ne deviennent dangereux pour eux-mêmes et pour les autres. Tous ceux qui pratiquent la magie sont susceptibles de succomber à une possession démoniaque qui les transformerait en abomination. Par ailleurs, le risque existe toujours qu’un mage se tourne vers les arts interdits que pratiquaient les inquisiteurs de l’Empire tévintide, une dangereuse magie du sang fondée sur les sacrifices rituels qui asservit l’esprit des autres. C’est pourquoi la Chantrie de chaque tour du Cercle compte des templiers qui sont également chargés de traquer les apostats.&Même si la loi met tous les apostats sur le même pied, cette catégorie est vaste. Certains apostats sont des mages autodidactes qui ont appris à se servir de la magie en expérimentant. Certains sont issus de traditions magiques datant d’avant la formation du Cercle des mages, comme les rebouteux et les chamans alvariens. D’autres sont des rebelles qui s’opposent au Cercle des mages, à la Chantrie ou aux deux. Ils refusent de se soumettre à la loi et choisissent de suivre leur propre voie malgré les risques que cela implique.&Si vous choisissez de jouer un apostat, votre personnage souffrira d’un désavantage que les autres historiques n’ont pas. En l’occurrence, les pouvoirs de votre personnage devront être utilisés avec prudence de peur d’attirer une attention indésirable de la part du Cercle des mages ou des templiers de la Chantrie. le bon côté de la chose, c'est que ce conflit peut amener d’excellentes histoires, mais il est important de comprendre que votre personnage devra faire face à des défis supplémentaires par rapport aux autres.;willpower;Un apostat doit avoir une volonté bien trempée pour résister à la possession démoniaque.;natural_lore&self_discipline;trade_tongue;trade_tongue;elven;mage;apostate_elf.png
fereldan_craftsman;Artisan Féreldien;Les artisans forment l’essentiel de la classe moyenne en Férelden, au-dessus des hommes libres mais en dessous des nobles. Cette classe se divise en une série de guildes. La plupart des guildes sont en effet en charge d’un artisanat comme la forge, la sculpture sur bois ou la construction, mais deux d’entre elles sont des exceptions. La première est la guilde des Négociants, qui est une organisation de marchands. Elle a été fondée à l’origine par des nains de la surface, car les barbares turbulents de Férelden n’avaient que mépris pour les intermédiaires. Les nains ont toujours le contrôle de la guilde, mais la majorité de l’activité au jour le jour est à présent le fait de Féreldiens. La deuxième exception est la Chantrie, qui est considérée comme appartenant à la classe des artisans. Ce statut donne aux prêtres une position honorifique mais pas autant d’influence que le souhaiterait la Chantrie. Elle possède bien plus de pouvoir politique dans d’autres pays, en particulier Orlaïs.&Les artisans féreldiens deviennent moins fréquemment aventuriers que les hommes libres. Leurs vies sont en général plus réglées et la plupart ont des obligations envers leur guilde ou la Chantrie. On trouve pourtant toujours des individus qui attendent plus de choses de leur vie, qu’il s’agisse d’un armurier en quête de métaux rares, d’un explorateur voulant ouvrir de nouvelles routes commerciales ou d’un prêtre à la recherche d’artefacts anciens.;dexterity;Les artisans sont habiles de leurs mains.;crafting&religious_lore;trade_tongue;trade_tongue;human;warrior&rogue;fereldan_craftsman.png
nevarran_adventurer;Aventurier Névarrien;Névarra faisait autrefois partie des Marches libres, et ce serait peut-être encore le cas sans le génie militaire du clan Pentaghast. Une série de souverains forts et de brillants généraux a permis à Névarra de s’étendre pour devenir une puissante nation à part entière. Sa victoire contre Orlaïs lors d’une guerre de l’ère des Bontés a renforcé ce statut en lui permettant d’annexer les collines riches en minerais situées à l’ouest de son territoire. Malgré une tradition militaire bien établie, personne n’aurait pensé cette jeune nation capable de vaincre l’empire et ses célèbres chevaliers. Les collines sont toujours sous contrôle névarrien aujourd’hui, mais sont secouées par des troubles réguliers. Les Névarriens taxent lourdement leurs nouveaux sujets, et Orlaïs encourage la sédition.&Les Névarriens sont fiers de leur tradition héroïque et le pays est plein de statues qui célèbrent celle-ci. Névarra est particulièrement réputée pour ses chasseurs de dragons, dont on pensait qu’ils avaient éradiqué ces créatures jusqu’au début de l’ère actuelle. Leurs exploits romanesques exercent un fort attrait sur les jeunes du pays et nombre d’entre eux partent eux-mêmes à l’aventure à travers Thédas. Tous espèrent être eux aussi un jour le sujet de chansons et de statues dans leur patrie.;willpower;Il faut une grande force intérieure pour partir affronter les défis de Thédas.;might&courage;trade_tongue&orlesian;trade_tongue&orlesian;human;warrior&rogue;nevarran_adventurer.png
seheron_convert;Converti de Séhéron;Séhéron est une grande île majoritairement couverte de jungle, située au nord de l’Empire tévintide. Elle a fait partie de l’empire pendant de nombreux siècles, mais a été conquise par les qunari pendant l’ère de l’Acier. Depuis lors, la Chantrie impériale a lancé d’innombrables offensives contre les qunari sur Séhéron, et les combats y sont féroces. Les qunari ont même perdu l’île pendant l’ère des Tempêtes, mais l’ont reconquise pendant l’ère des Bontés. Lorsque Séhéron faisait encore partie de l’Empire tévintide, on y trouvait une importante population d’esclaves elfes. Nombre d’entre eux (ainsi que certains humains) se sont convertis au Qun, ce qui leur donne un bien meilleur statut.&Vous pouvez aussi utiliser cet historique pour représenter un converti rivaini, dans la mesure où le Qun a exercé une forte influence en Riveïn.;willpower;Adopter les préceptes du Qun exige une grande force mentale.;qun&self_discipline;trade_tongue&qunlat&tevinter;trade_tongue&qunlat&tevinter;human&elven;warrior&rogue;
walking_sea_raider;Ecumeur;On appelle Écumeurs les pirates de la mer d’Écume. De nombreux chefs pirates y opéraient autrefois individuellement, mais pendant les marches exaltées contre les qunari, les nations de Thédas ont eu besoin d’un soutien naval dans leur guerre. Les vaisseaux pirates se sont rassemblés pour former la Felicisima Armada et ont offert ce précieux soutien. Une fois les marches exaltées terminées, beaucoup espéraient que l’Armada serait dissoute, mais les pirates avaient pris conscience de la puissance de leur unité et les Écumeurs ont persisté. Cela ne signifie pas que les luttes intestines n’existent pas, mais toute menace qui les concerne tous déclenche une féroce riposte commune.;dexterity;La vie de marin exige une grande agilité.;acrobatics&seeing;trade_tongue;trade_tongue;human&elven&dwarf;warrior&rogue;walking_sea_raider.png
city_elf;Elfe Citadin;On raconte qu’il y a plus de deux mille ans de cela, les elfes et les nains étaient les puissances dominantes de Thédas. Les elfes régnaient sur la surface et les nains sous la terre. Les elfes consacraient des siècles à devenir des maîtres magiciens, artisans et artistes et on dit qu’ils étaient presque immortels. Quand les humains arrivèrent en Thédas, les elfes les aidèrent malgré des comportements qu’ils considéraient comme impatients et vulgaires de leur part. Ils furent choqués quand des maladies apportées par les humains commencèrent à les tuer. Ils furent horrifiés quand ils découvrirent que la simple proximité des humains réduisait leur longévité et les rendait mortels. Ils essayèrent de s’isoler du reste de Thédas, mais l’Empire tévintide en pleine expansion les attaqua avec ses légions et sa magie du sang. Le royaume elfe d’Arlathan tomba et les survivants restèrent esclaves de l’Empire pendant les cinq siècles qui suivirent.&Quand la liberté leur revint, elle fut bien trop courte. La nouvelle patrie des elfes, la Dalatie, essaya de ressusciter la culture perdue d’Arlathan. Celle-ci incluait le culte de l’ancien panthéon elfe, et la Chantrie ne le toléra pas. Elle déclara une marche exaltée contre la Dalatie en accusant les elfes de pratiquer la magie du sang et d’autres rites interdits, et pour la deuxième fois les elfes perdirent tout. Certains des survivants devinrent des errants (reportez-vous à l’entrée sur les elfes dalatiens), mais le reste fut absorbé par les différents royaumes humains. Les elfes dits citadins y vivent en citoyens de seconde zone, travaillant principalement comme domestiques et ouvrier agricoles. Peu d’entre eux se souviennent de la culture de leurs ancêtres, ils sont encore moins nombreux à parler l’elfique, et presque aucun ne vit plus vieux que les humains de nos jours. Ils occupent des quartiers séparés des villes et des villages, appelés bascloîtres. Amers et opprimés, de nombreux elfes citadins se tournent vers le crime. Ces voyous bien trop nombreux ne font que renforcer les préjugés qu’ont la plupart des humains envers les elfes citadins.;dexterity;Les elfes citadins ont conservé l’agilité naturelle de leur peuple.;stealth&seeing;trade_tongue;trade_tongue;elven;warrior&rogue;city_elf.png
dalish_elf;Elfe Dalatien;Après 500 ans d’esclavage, les elfes gagnèrent leur liberté au cours de la révolte qui brisa la puissance de l’Empire tévintide. Alors que les humains libérés et les barbares du sud partaient à la conquête des anciennes terres de l’Empire, la meneuse humaine Andrasté offrit aux elfes une région au sud d’Orlaïs en récompense de leur rôle dans la révolte. Ils y établirent la Dalatie, une nouvelle patrie elfique pour remplacer le royaume détruit d’Arlathan. Malgré les siècles d’esclavage, les elfes se souvenaient encore d’une grande partie de leur héritage et cette culture connut une renaissance en Dalatie. Dans ce cadre, les elfes recommencèrent à adorer l’ancien panthéon elfe et c’est ce qui finit par causer leur perte. La Chantrie de l’empire orlésien ne pouvait admettre une telle hérésie et déclara une marche exaltée contre la Dalatie. Un second royaume elfe fut détruit et la plupart des survivants partirent vivre sur les terres des humains, devenant les elfes citadins.&Mais ce qu’il restait des dirigeants de la Dalatie refusa de courber l’échine devant les humains. Ils préférèrent choisir une vie d’exil. Ces elfes dalatiens sont les descendants de certaines des plus anciennes familles elfes et conservent un sens profond de leur devoir envers leur peuple. Ils ont pris la responsabilité de préserver la culture et les connaissances elfes, pour enseigner les anciennes coutumes à leurs frères citadins quand viendra le jour où les elfes pourront avoir à nouveau leur propre terre. En attendant, les elfes dalatiens voyagent dans les chariots finement sculptés qu’ils appellent aravels. Surnommés charavels par les humains, les aravels sont tirés par des hahl, une race unique de cerfs dont l’origine remonte au royaume perdu d’Arlathan. Les elfes dalatiens voyagent pour la plupart en petits groupes familiaux et ne restent jamais longtemps au même endroit. La rumeur veut qu’ils aient redécouvert les secrets de la magie elfique, mais si c’est vrai aucun humain n’en a eu la preuve.;willpower;L’obstination des elfes dalatiens est légendaire.;bows&courage;trade_tongue&elven;trade_tongue;elven;warrior&rogue;dalish_elf.png
escaped_elven_slave;Esclave Elfe en Fuite;Les elfes ont été réduits en esclavage pour la première fois quand l’Empire tévintide a conquis le royaume antique d’Arlathan. Après 500 ans de servitude, Andrasté aida les elfes à se libérer et les anciens esclaves participèrent en retour à la victoire contre les Tévintides. Ces événements auraient dû mettre fin à l’esclavage en Thédas, mais ce ne fut pas le cas. L’Empire tévintide renoua lentement avec ses anciennes coutumes et l’esclavage y est ouvertement pratiqué de nos jours. Dans certains bascloîtres, les elfes se vendent eux-mêmes ou vendent leurs proches pour assurer la subsistance de leur famille. Les esclavagistes tévintides opèrent en secret dans tous Thédas, kidnappant des elfes et des membres d’autres peuples qu’ils envoient vers l’Empire en échange de sommes conséquentes. La plupart des esclaves qui parviennent à s’enfuir quittent l’Empire aussi vite que possible, car on n’y accorde aucune pitié aux évadés.&Certains seigneurs esclavagistes ne reculent devant rien pour récupérer leurs « possessions » perdues (en particulier celles formées à la magie), et vont jusqu’à poursuivre les esclaves en fuite dans d’autres pays. Ces fugitifs ont bien du mal à se sentir réellement libres alors que la menace d’une nouvelle capture plane en permanence sur leur tête.;strength;Seuls les forts survivent à la servitude dans l’Empire tévintide.;hearing&might;trade_tongue&tevinter;trade_tongue&tevinter;elven;warrior&rogue&mage;escaped_elven_slave.png
orlesian_student;Etudiant Orlésien;L’université d’Orlaïs à Val-Royeaux est une institution presque unique sur le continent déchiré par la guerre de Thédas. Si les cercles des mages sont des centres d’apprentissage, ils sont consacrés à la magie. L’université est un établissement profane où des nobles venus de tout Thédas profitent de la meilleure éducation qu’il soit possible d’acheter. Les fils aînés se consacrant le plus souvent à une carrière militaire, ce sont en général les cadets qui fréquentent l’université. La pensée est souvent plus libre à l’université que dans la Chantrie, ce qui a parfois mené à des conflits avec des fondamentalistes religieux.&Vous pouvez utiliser cet historique pour représenter un noble d’une autre nation venu à l’université d’Orlaïs pour étudier. Il est indispensable de parler et de lire l’orlésien, puisque la plupart des cours sont donnés dans cette langue.;cunning;L’université accorde une grande valeur à l’intelligence.;persuasion&research;trade_tongue&orlesian;trade_tongue&orlesian;human;warrior&rogue;
orlesian_exile;Exilé Orlésien;Orlaïs est la nation la plus puissante et la plus avancée culturellement de Thédas. L’impératrice Célène I règne depuis la glorieuse cité de Val-Royeaux, qui abrite aussi le centre du pouvoir de la Chantrie andrastienne. Le trône de la Divine, la dirigeante de la Chantrie, se trouve dans la Grande cathédrale, l’un des bâtiments les plus impressionnants de tout Thédas. En Orlaïs, les pouvoirs séculier et régulier se rejoignent et il est parfois difficile d’établir une séparation claire entre les deux domaines. Cependant, malgré la puissance de l’empire, Orlaïs a connu d’importants revers au cours des soixante dernières années. Il y a d’abord eu la défaite militaire contre Névarra qui lui a coûté un territoire précieux. Les Orlésiens ont ensuite été vaincus en Férelden, ce qui a mis fin à leur occupation de ce pays. La situation est restée tendue pendant quelques années, mais les relations ont finalement été normalisées sous le règne du roi féreldien Maric, et la menace d’une reprise des hostilités s’est estompée.&En Orlaïs, et plus particulièrement à Val-Royeaux, les nobles sont engagés dans un jeu sans fin mêlant statut et politique. Les rumeurs des salons peuvent ruiner une vie aussi vite qu’un coup d’épée. L’inconstance des factions et des modes peut voir la ruine d’une famille une année et son retour triomphant l’année suivante. Comme tous les jeux, celui-ci a ses perdants et la décision la plus sage est parfois pour eux de quitter Orlaïs, au moins temporairement. Certains sont officiellement exilés pour des crimes réels ou inventés, tandis que d’autres choisissent d’errer à travers Thédas en attendant que la situation change à la cour. On rencontre de tels exilés orlésiens dans tout le continent.;communication;Les Orlésiens parlent avec une grande aisance.;persuasion&cultural_lore;trade_tongue&orlesian;trade_tongue&orlesian;human;warrior&rogue;orlesian_exile.png
free_marcher;Habitant des Marches Libres;Au nord de Férelden, par-delà la mer d’Écume, s’étendent les Marches libres. Cette confédération informelle de cités-états est connue comme le grenier à blé de Thédas, grâce à ses riches terres arables et ses récoltes abondantes. Les Marches libres n’ont pas de gouvernement central, et les cités qui les composent sont presque en permanence engagées dans plusieurs querelles mineures commerciales, douanières et territoriales. Cependant, quand une puissance étrangère les menace, les habitants des Marches se rallient et alignent des armées qui rivalisent avec celles de leurs voisins. Les principales villes des Marches libres sont Ansburg, Hercinia, Kirkwall, Markham, Ostwick, Osterburg et Tanterval.&Les habitants des Marches forment un peuple dynamique. Ce sont d’excellents marchands, mais aussi des défenseurs farouches de leurs cités natales. Certains affinent leurs compétences martiales pour participer au Grand tournoi, une compétition et une foire itinérantes qui se déplacent de cité en cité. Tous les trois ans environ, le Grand tournoi s’immobilise pour un an le temps d’un grand défi guerrier. On se déplace de tout Thédas jusqu’aux Marches libres pour assister ou participer à cet événement légendaire.;cunning;Tout est soumis à une concurrence féroce dans les Marches libres et il faut un esprit vif pour y prospérer.;evaluation&bargaining;trade_tongue;trade_tongue;human&elven&dwarf;warrior&rogue;
fereldan freeman;Homme Libre Féreldien;Férelden est une jeune nation fondée par des barbares humains il y a 400 ans. Les tribus alamarri étaient arrivées dans la région bien avant cette date, mais elles étaient tellement divisées qu’il fallut des événements extraordinaires pour qu’elles se rassemblent et forment Férelden. Il s’agit maintenant d’une nation en pleine ascension qui espère s’appuyer sur ses succès pour devenir une grande puissance.&Les nobles dirigent Férelden et les artisans et les prêtres exercent une influence importante sur eux. Mais l’écrasante majorité de la population est constituée d’hommes libres. Comme leur nom l’indique, il ne s’agit ni d’esclaves ni de serfs, mais d’hommes et de femmes libres. Ils sont soldats, commerçants, ouvriers agricoles, fermiers, bateleurs, chasseurs et bien d’autres choses encore. Les hommes libres ne sont pas riches, mais ils sont fiers et pragmatiques. En Férelden, un homme libre capable et ambitieux peut gravir l’échelle sociale et c’est ce que beaucoup font.;constitution;Le peuple de Férelden descend de vigoureux barbares.;stamina&courage;trade_tongue;trade_tongue;human;warrior&rogue;
tevinter_laetan;Laetan Tévintide;Les altus sont des mages qui possèdent la puissance et le prestige des anciennes familles nobles de l’Empire tévintide, mais ils ne sont pas les seuls à y pratiquer la magie. Les laetans sont les mages issus des rangs des roturiers (les soporati). S’ils ne partagent pas tous les privilèges des altus, leurs pouvoirs magiques les placent malgré tout au-dessus de la majorité des habitants de l’Empire. Ils sont identifiés dès leur plus jeune âge et formés au service. Certains remettent en cause les traditions et partent à l’aventure dans les autres nations de Thédas. Naturellement, hors de l’Empire, peu de gens comprennent la différence entre les altus et les laetans.;magic;Les laetan ne peuvent compter que sur leur intelligence pour réussir dans l’Empire tévintide.;leadership&arcane_lore;trade_tongue&tevinter;trade_tongue&tevinter;human;mage;
circle_mage_human;Mage du Cercle;En des temps anciens, l’utilisation de la magie était condamnée hors de l’Empire tévintide, et ceux qui la pratiquaient étaient persécutés et traqués. Cela ne fit qu’empirer avec l’avènement de la Chantrie, car la nouvelle religion accusait la magie d’être corrompue et maléfique. Naturellement, la magie était aussi bien utile, notamment pour combattre des créatures comme les engeances. Un compromis fut donc trouvé, selon lequel les mages pourraient pratiquer légalement leur magie – mais uniquement sous l’oeil vigilant de la Chantrie. La magie du sang, pratiquée par les terrifiants maléficiens, fut strictement interdite.&Pendant le Second enclin, les mages prouvèrent leur utilité et aidèrent à sauver l’humanité. Cela leur permit de gagner un peu d’autonomie, et c’est ainsi que naquit le premier Cercle des mages. Même si des templiers de la Chantrie sont toujours en garnison dans chaque tour du Cercle, ce sont les mages qui régentent ceux qui possèdent des pouvoirs magiques. Les mages du Cercle trouvent les humains et les elfes dotés de talents magiques et les emmènent dans leurs tours pour les former et les surveiller, tout en leur apprenant à se défendre contre les possessions démoniaques. La pratique de la magie hors du Cercle a été un crime grave, voire puni de mort, à de nombreuses époques.;magic;Ce bonus représente la formation que vous avez reçue dans votre Cercle.;arcane_lore&historical_lore;trade_tongue;trade_tongue&ancient_tevene;human;mage;circle_mage_human.png
circle_mage_elf;Mage du Cercle;En des temps anciens, l’utilisation de la magie était condamnée hors de l’Empire tévintide, et ceux qui la pratiquaient étaient persécutés et traqués. Cela ne fit qu’empirer avec l’avènement de la Chantrie, car la nouvelle religion accusait la magie d’être corrompue et maléfique. Naturellement, la magie était aussi bien utile, notamment pour combattre des créatures comme les engeances. Un compromis fut donc trouvé, selon lequel les mages pourraient pratiquer légalement leur magie – mais uniquement sous l’oeil vigilant de la Chantrie. La magie du sang, pratiquée par les terrifiants maléficiens, fut strictement interdite.&Pendant le Second enclin, les mages prouvèrent leur utilité et aidèrent à sauver l’humanité. Cela leur permit de gagner un peu d’autonomie, et c’est ainsi que naquit le premier Cercle des mages. Même si des templiers de la Chantrie sont toujours en garnison dans chaque tour du Cercle, ce sont les mages qui régentent ceux qui possèdent des pouvoirs magiques. Les mages du Cercle trouvent les humains et les elfes dotés de talents magiques et les emmènent dans leurs tours pour les former et les surveiller, tout en leur apprenant à se défendre contre les possessions démoniaques. La pratique de la magie hors du Cercle a été un crime grave, voire puni de mort, à de nombreuses époques.;magic;Ce bonus représente la formation que vous avez reçue dans votre Cercle.;arcane_lore&historical_lore;trade_tongue;trade_tongue&ancient_tevene;elven;mage;
rivaini_merchant;Marchand Rivaini;Riveïn est une nation du nord-est de Thédas qui appartenait autrefois à l’Empire tévintide. Après avoir pourtant survécu à deux Enclins survenus sur son territoire, Riveïn a été conquis par les envahisseurs qunari pendant l’ère de l’Acier. Il a fallu trois marches exaltées pour repousser les qunari jusque dans une unique ville, Kont-Aar. La Chantrie a alors retourné ses forces contre les Rivaini, car ceux-ci suivaient encore les anciennes coutumes et honoraient leurs devins traditionnels. Aujourd’hui, Riveïn est un centre important d’échanges commerciaux, même avec les qunari. Naturellement, partout où des marchandises circulent, on trouve aussi trafic et piraterie, et la frontière entre un marchand et un contrebandier est parfois floue. Les Rivainis ont l’habitude d’être opprimés, mais aucune force sur Thédas n’est parvenue à briser leur volonté.;dexterity;Les Rivainis ont les mains aussi vives que la langue.;seduction&acrobatics;trade_tongue&rivaini;trade_tongue&rivaini;human&elven;warrior&rogue;rivaini_merchant.png
low_born_dwarf;Nain de Basse Extraction;C’est le dur labeur quotidien des nains des castes des Mineurs, des Marchands et des Serviteurs qui assure le bon fonctionnement d’Orzammar. Les Mineurs forment la plus prestigieuse de ces trois castes, en particulier ceux chargés de la dangereuse extraction du lyrium. La caste des Marchands est la suivante dans la hiérarchie, car c'est elle qui fait entrer l’argent dans la cité et organise les fructueux échanges commerciaux. Les Serviteurs sont la plus basse des castes, bien qu’ils soient encore au-dessus des nains de la surface et des sans-caste.&Au sein de ce groupe, ce sont les Marchands qui ont le plus de chances de quitter Orzammar ou de devenir aventuriers. Les négociations commerciales les mettent souvent en contact avec des humains et les nains de la surface appartenaient initialement à cette caste. Il arrive parfois qu’un membre de la caste des Marchands parte rejoindre des proches à la surface malgré la perte de statut à Orzammar. Ce genre de départ est plus rare chez les Mineurs et les Serviteurs, bien qu’il arrive parfois qu’un Mineur vende son expertise aux nations humaines en échange d’or et d’autres richesses.;communication;Les membres des castes inférieures doivent se faire des amis pour progresser dans la vie.;persuasion&stamina;trade_tongue&dwarven;trade_tongue&dwarven;dwarf;warrior&rogue;
high_born_dwarf;Nain de Haute Lignée;Au sommet de la société naine se trouvent les maisons nobles, déchirées par des rivalités et des conflits qui durent depuis bien des générations. Le reste de la population est divisée en castes, au premier rang desquelles figurent celles des Guerriers, des Forgerons et des Artisans. La caste des Guerriers est la plus prestigieuse de toutes. Les Guerriers mènent une guerre sans fin contre les engeances dans les Tréfonds, et fournissent le gros des soldats des maisons nobles. Cette caste est tellement nombreuse qu’elle est en réalité divisée en plusieurs souscastes, dont celles des officiers, des soldats et des gardes. La caste des Forgerons est la deuxième plus importante, car comment les guerriers pourraient-ils combattre sans armes et sans armures ? La caste des Artisans est la dernière des castes supérieures. Ses membres sont eux aussi particulièrement respectés dans la société naine, car c’est le fruit de leur travail qui permet à Orzammar de vivre.&Du fait du statut privilégié dont bénéficient les nains de haute lignée à Orzammar, il est rare qu’ils partent vers la surface. Certains sont exilés parce qu’ils ont commis un crime ou se sont trouvés dans le camp des perdants d’une querelle entre maisons. D’autres sont envoyés en mission sur les terres des humains, mais c’est un événement rare. Si vous voulez jouer un nain d’une caste supérieure ayant quitté Orzammar, discutez avec votre MJ des circonstances de votre départ, et déterminez si elles provoqueraient la perte de votre caste si vous rentriez chez vous.;strength;Il faut être fort pour survivre aux luttes politiques à Orzammar.;crafting&intimidation&smithing;trade_tongue&dwarven;trade_tongue&dwarven;dwarf;warrior&rogue;high_born_dwarf.png
surface_dwarf;Nain de la Surface;En des temps reculés, les nains régnaient sur un vaste empire souterrain. Leurs villes et leurs communautés étaient nombreuses, toutes reliées par des routes souterraines, les Tréfonds, qui couraient loin sous la surface. Seules deux cités naines demeurent aujourd’hui : Orzammar dans les Dorsales de givre et la lointaine Kal-Sharok. Toutes deux mènent une guerre sans fin contre les engeances qui envahirent les anciens domaines des nains. Les deux cités-forteresses sont toujours vaillantes, mais la population naine a lentement décru pendant les mille dernières années. Orzammar et Kal-Sharok sont fondamentalement isolationnistes. La société naine est rigide, fondée sur des castes, et la politique y est notoirement vicieuse.&Une caste se distingue pourtant des autres : celle des nains de la surface. Ils jouent un rôle vital, mais bizarrement les autres nains les méprisent. Les nains de la surface sont majoritairement des marchands et des intermédiaires qui font le commerce de biens et de matières premières auprès des humains et des elfes. Ils fournissent des minerais, des gemmes, de l’acier finement forgé, des objets d’artisanat de la plus haute qualité et le précieux minéral qu’on appelle lyrium. Les aventuriers et les voyageurs nains appartiennent aussi à la caste de la surface. À Orzammar et Kal-Sharok, les nains de cette caste sont inférieurs à tous les autres, excepté les sans-caste et les criminels. Il est ironique que les plus célèbres aventuriers nains dans les pays humains aient un si faible statut et aucun prestige dans leur patrie.;constitution;Les nains sont célèbres pour leur robustesse.;stamina&bargaining;trade_tongue&dwarven;trade_tongue&dwarven;dwarf;warrior&rogue;surface_dwarf.png
dwarf_duster;Nain sans Caste;La société naine d’Orzammar est organisée suivant une hiérarchie rigide. La plupart des nains appartiennent à une caste, celle des Nobles se trouvant au sommet de l’échelle et celle des Serviteurs tout en bas. Tous les citoyens appartenant à une caste se voient garantir par la loi une certaine protection. Cependant, il existe aussi une catégorie marginalisée de nains qui n’appartiennent à aucune caste. Ces sans-caste occupent le quartier des Taudis à Orzammar. Qu’ils aient perdu leur caste ou descendent de nains qui l’avaient perdue, les sans-caste ne sont pas protégés par la loi et il leur est interdit d’exercer toute profession contrôlée par une caste. En pratique, cela signifie qu’ils n’ont accès à aucune activité légale ou presque. Ils ne peuvent être ni mineurs, ni artisans, ni commerçants, ni même serviteurs. Pour survivre dans les Taudis, la plupart n’ont guère d’autre choix que de tomber dans la criminalité. Beaucoup travaillent pour le Carta, une puissante organisation criminelle qui contrôle une véritable économie clandestine dans les quartiers pauvres.&Les sans-caste sont les nains les plus susceptibles de quitter Orzammar. N’ayant déjà aucun statut, ils n’ont pas grand-chose à perdre en partant pour le monde la surface. L’aspect le plus étonnant de la société naine est sans doute que tant de sans-caste restent dans une cité qui les traite comme moins que rien. Ceux qui fuient vers la surface n’ont en général aucun regret. ;dexterity;Les sans-caste doivent être agiles pour survivre dans les Taudis d’Orzammar.;deception&legerdemain;trade_tongue&dwarven;trade_tongue&dwarven;dwarf;rogue;
fereldan_noble;Noble Féreldien;En Férelden, la noblesse est héréditaire, mais pas exclusivement. Il est possible pour un roturier d’accéder au rang de noble par ses exploits et son service, ce qui est inimaginable dans d’autres nations comme Orlaïs. L’exemple le plus célèbre est peut-être Loghain Mac Tir, qui s’est élevé en partant de rien pour devenir l’un des tierns de Férelden. Les nobles féreldiens les plus nombreux sont les chevaliers, des fantassins en armure lourde qui prêtent allégeance directement à un iarl, un bann, un tiern, ou au roi ou à la reine. De nombreux jeunes nobles, conscients qu’ils n’hériteront d’aucune position à moins qu’un frère ou une soeur aîné(e) ne meure de façon inattendue, se tournent vers une carrière d’aventurier pour établir leur réputation.;strength;Les nobles de Férelden doivent être forts pour protéger leurs sujets.;military_lore&intimidation;trade_tongue;trade_tongue;human;warrior&rogue;fereldan_noble.png
orlesian_noble;Noble Orlésien;"Il n’existe nul lieu en Thédas où il soit plus avantageux d’être un noble qu’en Orlaïs. La noblesse s’y trouve au pinacle de la société, régnant sans conteste sur la population des roturiers. Peut-être est-ce une chance pour le petit peuple que les nobles consacrent autant de leur temps au Grand jeu, une lutte sans fin pour le pouvoir, le prestige et le statut. Même si cela implique parfois de faire couler le sang, les véritables champs de bataille du Grand jeu sont les salles de bal, les salons et la cour. Les nobles féreldiens jugent ce concept complètement ridicule ; naturellement, les Orlésiens considèrent les Féreldiens comme des provinciaux mal dégrossis dont l’opinion est aussi absurde que dénuée d'intérêt.";communication;En Orlaïs, il n’existe qu’une chose pire que d’être le sujet de toutes les conversations, et c’est de n’être le sujet d’aucune.;etiquette&intimidation;trade_tongue&orlesian;trade_tongue&orlesian;human;warrior&rogue;orlesian_noble.png
qunari_beresaad;Qunari du Beresaad;Il n’est pas exagéré de dire que les humains de Thédas ne savent presque rien des qunari. Vus de l’extérieur, ils semblent être un peuple de géants à l’apparence diabolique et avides de conquête. On imagine souvent la société qunari comme une dictature militaire, ce qui est compréhensible puisque c’est le chef des armées, l’Arishok, qui est responsable de la diplomatie auprès des nations étrangères. Cependant, les qunari n’ont pas d’organisation dédiée à la diplomatie. Ce qui s’en approche le plus chez eux est le Beresaad, l’avant-garde du peuple qunari. Les membres du Beresaad sont avant tout des soldats et leur vision du monde reflète bien leur nature. Leur mission consiste à se rendre dans les pays étrangers pour traiter les questions impliquant les humains, les elfes et les nains. Parfois il s’agit de missions diplomatiques formelles, mais dans d’autres cas l’Arishok charge le Beresaad de récolter clandestinement des informations ou de se renseigner sur des aspects spécifiques des cultures étrangères.&Les soldats du Beresaad ont toujours une mission, même si sa nature n’est pas apparente. Si vous choisissez cet historique, discutez avec votre MJ de ce qui vous amène dans la région où se dérouleront vos aventures, et des ordres que vous avez reçus. Un soldat du Beresaad peut parfois rester loin de sa patrie pour des années entières, mais il continue à appartenir à un appareil militaire et doit faire son rapport de temps à autre. Dans une campagne sur le long terme, c’est un événement que vous devrez gérer.;strength;Les qunari sont massifs.;qun&intimidation;trade_tongue&qunlat;trade_tongue&qunlat;qunari;warrior&rogue;qunari_beresaad.png
orlesian_commoner;Roturier Orlésien;Les roturiers n’ont pas une existence facile en Orlaïs. La noblesse y règne sans partage et les chevaliers ont droit de vie et de mort sur tous les roturiers. La majorité de la population d’Orlaïs est composée de serfs, des ouvriers agricoles attachés à des domaines et pour lesquels il n’existe quasiment aucune mobilité sociale. De toute leur vie, ils ne s’éloignent jamais de plus de quelques kilomètres de l’endroit où ils sont nés, et n’ont guère d’espoir que leurs enfants mènent un jour une vie meilleure que la leur. Dans les villes, une classe moyenne composée de marchands et d’artisans est en train d’émerger. Ses membres ont accès à plus de richesses et d’opportunités que les serfs, et beaucoup voyagent dans l’empire et même au-delà. Malgré tout, les différences entre la prospérité de ces roturiers et la véritable opulence des nobles restent évidentes pour tous les étrangers et les orlésiens un tant soit peu observateurs.;dexterity;La vie est trépidante en Orlaïs.;brawling&faith;trade_tongue&orlesian;trade_tongue&orlesian;human;warrior&rogue;
chasind_wilder;Sauvage Chasind;Les Chasinds sont un peuple sauvage installé au sud de Férelden, dans les Terres sauvages de Korcari. Bien qu’ils se soient alliés en plusieurs occasions aux Alvars et aux Alamarri pour lutter contre l’Empire tévintide, les Féreldiens ont des souvenirs plus vivaces des nombreuses incursions chasinds sur leurs terres. On raconte qu’il y a plusieurs ères de cela, les Chasinds ont asservi les Alamarri, dont descendent les Féreldiens actuels, jusqu’à ce que ceux-ci se révoltent contre leur domination. Plus récemment, la légendaire sorcière Flemeth a mené une armée de Chasinds contre Férelden pour se venger du bann qui avait été son époux. S’il est communément admis que Flemeth a été tuée à l’époque, nombreux sont ceux qui prétendent qu’elle a continué à vivre parmi les Chasinds avec ses filles (les sorcières des Terres sauvages), jusqu’à une période récente de l’ère du Dragon.&Aujourd’hui, les Chasinds sont un peuple plus paisible mais de nombreuses superstitions circulent à leur sujet. Ils vivent dans des maisons sur pilotis et font un peu de commerce avec les Féreldiens du sud. Certains Féreldiens considèrent encore les Chasinds comme une menace et s’inquiètent du jour où un individu charismatique les unira de nouveau.;dexterity;Les Chasinds se déplacent comme des fantômes à travers les Terres sauvages.;stealth&climbing;trade_tongue;;human;warrior&rogue;
tevinter_soporati;Soporati Tévintide;Les roturiers ne sont pas aussi mal lotis dans l’Empire tévintide qu’en Orlaïs. L’esclavage est encore légal dans l’Empire et ce sont donc les esclaves qui occupent les pires fonctions. Les roturiers tévintides, qu’on appelle soporati ou de façon plus méprisante les manants, travaillent dur, mais profitent malgré tout de l’existence d’une classe inférieure. De nombreux soporati deviennent soldats, car l’Empire est en conflit quasi permanent avec les qunari sur l’île de Séhéron. Bien que les Tévintides suivent les préceptes d’Andrasté et pratiquent leur culte au sein de la Chantrie impériale, l’accent qu’ils mettent sur la magie comme une force positive et même parfois mentionnée dans les prières peut choquer les autres peuples de Thédas.;strength;Le petit peuple tévintide n’a pas perdu la robustesse qui a permis de bâtir un empire.;stamina&brawling;trade_tongue&tevinter;trade_tongue&tevinter;human;warrior&rogue;tevinter_soporati.png
tal_vashoth;Tal'Vashoff;Le peuple qunari suit les préceptes d’une philosophie qu’il appelle le Qun. On raconte qu’avant d’adopter le Qun, les qunari étaient des barbares sujets à de violents accès de rage. Le Qun a développé chez eux la réflexion, la planification et la technique, sans pour autant cesser d’en faire des guerriers. Il existe pourtant des qunari qui refusent le Qun. Certains veulent retrouver les anciennes coutumes de leur peuple, tandis que d’autres désirent simplement vivre selon leurs propres règles. Ces rebelles sont appelés vashoff, ce qui signifie « gris », et doivent quitter les terres qunari avant d’être identifiés sous peine d’être rééduqués ou condamnés. Les exilés ne sont plus considérés comme appartenant au peuple qunari. Par défi, ils se nomment eux-mêmes tal’vashoff, ou « vrais gris ». Beaucoup d’entre eux adorent les anciens dieux animistes de leur peuple et se voient comme les véritables héritiers de leurs ancêtres.&Les tal’vashoff vivent en territoire étranger et survivent comme ils peuvent. Beaucoup d’entre eux louent leurs services comme mercenaires, tandis que d’autres deviennent pillards, pirates, contrebandiers ou même esclavagistes. Les bandes itinérantes de tal’vashoff ne sont pas rares dans le nord et posent;strength;Les tal’vashoff sont fiers de leur supériorité physique.;stamina&intimidation;trade_tongue&qunlat;trade_tongue&qunlat;qunari;warrior&rogue;tal_vashoth.png
antivan_wayfarer;Voyageur Antivan;Antiva est une nation côtière située au nord de Férelden et à l’est de l’Empire tévintide. Bien qu’il s’agisse techniquement d’une monarchie, le véritable pouvoir en Antiva se trouve entre les mains des princes marchands. La seule production remarquable de cette nation est son excellent vin, si bien que le commerce y est l’activité principale. Antiva est célèbre pour ses marchands et ses marins, mais ne possède pour ainsi dire pas de tradition militaire. On prétend que les Antivans sont doués pour tout sauf pour se battre, ou en tout cas sur un champ de bataille. En réalité, ils sont passés maîtres dans les formes de combat les moins honorables, et Antiva abrite la plus célèbre guilde d’assassins, de voleurs et d’espions de Thédas : la maison des Corbeaux. Les Corbeaux sont inextricablement liés à la structure politique d’Antiva, bien que l’identité des riches et des puissants qui dirigent le conseil de la guilde reste un secret. Aussi anarchique que ce système puisse paraître, la maison des Corbeaux s’est révélée fort utile pour protéger l’indépendance antivanne. Bien que la nation ne possède pas d’armée permanente, les généraux des forces d’invasion potentielle savent que les Corbeaux finiraient bien par les atteindre, une idée fortement dissuasive pour tous les conquérants potentiels.&Comme les Antivans font des affaires à travers tout Thédas, on en trouve fréquemment dans les cités portuaires et les autres centres de commerce. Les Corbeaux exportent eux aussi leurs services, et sont appréciés pour leurs talents, leur discrétion et leur professionnalisme.;communication;Les Antivans sont éloquents et adorent parler.;bargaining&navigation;trade_tongue&antivan;trade_tongue&antivan;human&elven;warrior&rogue;antivan_wayfarer.png
